x,lax_u1,lax_u2,lax_u3,box_u1,box_u2,box_u3,exact_u1,exact_u2,exact_u3
0,1.54287954637945,0.2285602268102749,-0.8952268934769406,1.534146756573265,0.2329266217133675,-0.8995932883800333,1.555555555555555,0.2222222222222223,-0.8888888888888881
0.0025,1.547235941997938,0.2302781370901763,-0.8995695957801541,1.612398524086228,0.1976968460460315,-0.866991753021311,1.545970051071675,0.2309110825533079,-0.9002059969679548
0.005,1.548296990842435,0.2335817957163533,-0.9055183414815453,1.599024668395185,0.2082179569399784,-0.8801615037313436,1.536412553293705,0.2395240144907181,-0.9114675761007712
0.0075,1.546900709536286,0.2380519578666624,-0.9126537230286655,1.499070275495789,0.261967174886911,-0.9365795976221767,1.526883651773143,0.2480604867482338,-0.9226729316201058
0.01,1.543731659393429,0.2433461102080809,-0.9206330631227384,1.436677986897987,0.296872946455802,-0.9741743166348549,1.517383934297524,0.2565199727560338,-0.9338213723268375
0.0125,1.539203700847777,0.2492570936963689,-0.9292490375284251,1.484322375684335,0.2766977562780898,-0.9567079795347826,1.507913986854149,0.2649019506931829,-0.9449122105326294
0.015,1.533743206223185,0.2555714972051989,-0.938288068713099,1.564520385066376,0.2401829077836032,-0.9229217226578668,1.498474393594009,0.2732059035197869,-0.955944762102345
0.0175,1.527525868574207,0.2622012531196575,-0.9476619214506052,1.555933136735868,0.2479976190388269,-0.9334845957591182,1.489065736795658,0.2814313190089318,-0.966918346496233
0.02,1.520842082449987,0.2690009469679348,-0.9572250124632424,1.457228455097316,0.3008077606442698,-0.9890622999203728,1.479688596829388,0.2895776897782343,-0.9778322868119161
0.0225,1.513729726974188,0.2759514258947594,-0.9669580189055996,1.387931712339874,0.3388504332119162,-1.029891765038213,1.470343552121347,0.2976445133211797,-0.988685909826149
0.025,1.506412217110736,0.2829407730416824,-0.9767488527552691,1.42806956637686,0.3221120984086205,-1.015959280877884,1.461031179117907,0.3056312920380968,-0.9994785460363328
0.0275,1.498843259546342,0.289991929618732,-0.9866202828950704,1.512326921551267,0.2832500986162696,-0.9799220167440801,1.451752052250122,0.313537533266842,-1.010209529701836
0.03,1.49121870974526,0.2970067663897068,-0.9964740066088973,1.517405484222166,0.2839133791512544,-0.9834287437110659,1.442506743898221,0.3213627493132266,-1.020878198885036
0.0325,1.48343618144388,0.3040362789373113,-1.006360844857571,1.424305250635523,0.3336017443414897,-1.035979090710474,1.433295824356395,0.3291064574810538,-1.031483895492162
0.035,1.47568704904034,0.3109845864805324,-1.016184741106915,1.342255029546432,0.3777005962274865,-1.082958283243149,1.424119861797534,0.3367681801019353,-1.042025965313893
0.0375,1.46782685170052,0.3179237298335854,-1.026017559297544,1.365864307567328,0.3689050019001813,-1.077061210727937,1.414979422238236,0.3443474445647272,-1.052503758065703
0.04,1.460056614309265,0.3247530109419975,-1.035758423391802,1.453141508107808,0.3282105640427261,-1.039283297054362,1.405875069503861,0.3518437833446995,-1.062916627427974
0.0425,1.452196014771729,0.3315624092433863,-1.04549713374551,1.480566516963084,0.3173771581477088,-1.031384237810922,1.39680736519378,0.3592567340323611,-1.073263931085888
0.045,1.444465037422666,0.3382417549740157,-1.055123340425515,1.401420195730315,0.3597641758201912,-1.076723243599208,1.387776868646711,0.3665858393619936,-1.083545030769006
0.0475,1.436649309234482,0.3448980610757248,-1.06474387512772,1.304372855281505,0.4110362880522137,-1.130964803319584,1.378784136906205,0.3738306472398638,-1.093759292290672
0.05,1.42899455897971,0.3514082936253978,-1.074235521617686,1.300431320254252,0.4156899129881271,-1.13860515194773,1.369829724686329,0.3809907107720885,-1.103906085587123
0.0525,1.421251617857709,0.3578968715320722,-1.083722515438958,1.383556432425324,0.376744464248265,-1.102663518869645,1.360914184337391,0.3880655882922315,-1.113984784756352
0.055,1.413697501972587,0.364225125308185,-1.093066002695596,1.439273236059522,0.3514372582647175,-1.080377035228744,1.352038065811934,0.3950548433885115,-1.123994768096724
0.0575,1.406045947632147,0.3705360294300586,-1.102408772423985,1.387497465839175,0.3798102703265449,-1.111787489982545,1.343201916630751,0.4019580449307565,-1.133935418145311
0.06,1.398610275706599,0.3766727701682515,-1.111593824434612,1.280809708660285,0.4355730536914086,-1.170604249025755,1.334406281849142,0.4087747670969804,-1.143806121715993
0.0625,1.391063813616012,0.3827985346032886,-1.120784158339238,1.238839510114314,0.4589106863541373,-1.197012201970418,1.325651704023301,0.4155045893996441,-1.15360626993728
0.065,1.383761081607845,0.3887359174960996,-1.129802180432895,1.302146648177094,0.4295431342114749,-1.170731125322277,1.316938723176812,0.4221470967116159,-1.163335258289862
0.0675,1.376330957535566,0.3946703389076605,-1.138833121325085,1.383998488668358,0.3908365733412645,-1.135127004771647,1.308267876767394,0.4287018792917463,-1.172992486643926
0.07000000000000001,1.369174160865906,0.4004013022040658,-1.147676293956537,1.375775688985171,0.3971005381444332,-1.144509183347128,1.299639699653675,0.4351685328101811,-1.182577359296114
0.0725,1.361870504411142,0.4061387681988302,-1.156541467753184,1.276753235438325,0.4486974026852387,-1.199239842767654,1.291054724062277,0.4415466583732628,-1.192089285006351
0.075,1.354872142526123,0.4116565310625679,-1.16520224454765,1.193844630054332,0.4921702872984631,-1.245861910061587,1.282513479554922,0.4478358625481682,-1.201527677034242
0.0775,1.347704711199635,0.4171916482852441,-1.173895488553282,1.214626165703171,0.4837309210334766,-1.240586920022652,1.274016492995828,0.4540357573871481,-1.210891953175318
0.08,1.340877346807848,0.4224894313071346,-1.182366317007049,1.305149231499103,0.4403534889615071,-1.200388862529248,1.265564288519126,0.4601459604514957,-1.22018153579691
0.0825,1.33385594007055,0.4278168185481306,-1.190881473210734,1.35067574303479,0.4194069170660106,-1.182636467446802,1.257157387496604,0.4661660948351037,-1.229395851873801
0.08500000000000001,1.327212511954662,0.4328876874631533,-1.1991546385984,1.288887951774347,0.4520499675533108,-1.218488299950535,1.248796308505527,0.4720957891877209,-1.238534333023582
0.08750000000000001,1.320347202686539,0.4380018600429147,-1.20748543824915,1.180675642772092,0.5078376400001383,-1.277499161685173,1.240481567296619,0.4779346777378746,-1.247596415541681
0.09,1.313901200791858,0.4428386383006288,-1.215552976386001,1.139504872422297,0.530036802485409,-1.302935721908893,1.2322136767623,0.4836824003154072,-1.256581540436169
0.0925,1.30720246476002,0.4477339434462084,-1.223692975562191,1.202706870485363,0.4999817405835367,-1.27613206649891,1.223993146904995,0.489338602373721,-1.265489153462215
0.095,1.300968026770892,0.4523291640290359,-1.231546624816209,1.290518615177523,0.4575538698257207,-1.236969410425142,1.215820484805705,0.4949029350116294,-1.274318705156287
0.0975,1.294446813969204,0.456999745306647,-1.239489169052711,1.296216152375458,0.4561150761035201,-1.238809438166039,1.20769619459273,0.500375054994884,-1.283069650870051
0.1,1.288438775440227,0.4613456257625138,-1.247120345572652,1.204308454566973,0.5034107861991407,-1.289397374251421,1.199620777410559,0.5057546247773479,-1.29174145080395
0.1025,1.282106547054093,0.4657854046892509,-1.254858551668832,1.106409323407938,0.5536340165123286,-1.342926032001755,1.191594731388947,0.5110413125218243,-1.300333570040517
0.105,1.276340462287752,0.4698738367827436,-1.262258339232473,1.10025798280595,0.557915076523645,-1.350525517003998,1.183618551612242,0.5162347921204991,-1.308845478577368
0.1075,1.270209206015767,0.4740765052515953,-1.269785087875113,1.184141683825611,0.5171102663466736,-1.313051924676367,1.175692730088776,0.5213347432150912,-1.317276651359886
0.11,1.264701348739159,0.4778990547072918,-1.276944237831301,1.259996791783094,0.480251333185324,-1.279536796738305,1.167817755720543,0.5263408512165995,-1.325626568313623
0.1125,1.25878357917452,0.4818580748739707,-1.28425217368093,1.238847548769229,0.4918260900766162,-1.294467739965863,1.159994114273074,0.5312528073246934,-1.333894714376366
0.115,1.253550927630172,0.4854059889044099,-1.291161112677832,1.134464448997341,0.5449492282208255,-1.350959238534674,1.152222288345409,0.5360703085467915,-1.342080579529919
0.1175,1.247859675118528,0.4891145988276508,-1.298242650210069,1.04759775477518,0.5892455589993247,-1.398635896050442,1.144502757340397,0.5407930577167162,-1.350183658831565
0.12,1.242919883783816,0.4923788203386824,-1.304891494602312,1.06034462498083,0.5836664497401756,-1.396448871327465,1.136835997435062,0.5454207635130592,-1.358203452445203
0.1225,1.237468673396955,0.4958300445542848,-1.311738828884446,1.152004195205839,0.5385622836498427,-1.354748338333145,1.129222481551268,0.5499531404771284,-1.366139465672183
0.125,1.232840032270986,0.4988012325583386,-1.318117405349657,1.221619788307412,0.5044113545401254,-1.324012380927838,1.121662679326542,0.5543899090305602,-1.37399120898183
0.1275,1.227642853591509,0.5019878972393658,-1.324722527404824,1.191147087174765,0.5202357804477379,-1.343262906497402,1.114157057085088,0.5587307954925764,-1.381758198041628
0.13,1.223344235337849,0.5046564533324467,-1.3308203996253,1.083304071950679,0.574676535026032,-1.401140677357899,1.106706077809055,0.562975532096844,-1.38943995374711
0.1325,1.21841550326853,0.507571205928721,-1.337175116277346,0.9975319809839598,0.6180129670710061,-1.447924830294626,1.099310201109927,0.5671238570080226,-1.397036002251401
0.135,1.214466298202801,0.509927306836599,-1.342981617692294,1.011001976434914,0.6116594677205427,-1.445029543774468,1.09196988320023,0.5711755143378847,-1.404545874994442
0.1375,1.209820804792775,0.5125626401974075,-1.349077575895201,1.103714970759189,0.5656155572142009,-1.402454124718779,1.084685576865333,0.5751302541611286,-1.411969108731912
0.14,1.206240843605858,0.5145962764456267,-1.354581848578114,1.179324906265168,0.528054245115972,-1.368371368739311,1.077457731435571,0.5789878325307701,-1.419305245563791
0.1425,1.201893700812994,0.5169445574659557,-1.36041056427023,1.158531605016905,0.5386256053640003,-1.382431135201115,1.070286792758502,0.5827480114932017,-1.426553832962596
0.145,1.198703164940497,0.5186455782183249,-1.365601603976006,1.053962455328365,0.5910159330243906,-1.438319503989609,1.063173203171384,0.5864105591028812,-1.433714423801315
0.1475,1.194669738263984,0.5206990810415933,-1.371154495492028,0.9568217992354299,0.6396230505558705,-1.490434081788491,1.056117401473954,0.5899752494366087,-1.440786576380976
0.15,1.19188905790499,0.5220572451056461,-1.376021202872274,0.9508311639393594,0.6425861920884616,-1.496913886371734,1.049119822901278,0.593441862607502,-1.447769854457892
0.1525,1.18818489089041,0.5238081888818094,-1.381289628911778,1.035332870862453,0.6002341988957879,-1.458087542089238,1.042180899096979,0.5968101847785249,-1.454663827270587
0.155,1.185834630817192,0.524813221810384,-1.3858208668274,1.127341636813267,0.5540597188123465,-1.415447479297466,1.035301058086551,0.6000800081757046,-1.461468069566335
0.1575,1.182475360538823,0.5262538129570176,-1.3907961689275,1.13777723495826,0.5486028757472993,-1.41353360388669,1.028480724250992,0.6032511311009332,-1.46818216162742
0.16,1.180576094008903,0.5268954700902694,-1.394980825702826,1.051013084811875,0.5916769746887836,-1.460159002298703,1.021720318300632,0.6063233579444053,-1.474805689297024
0.1625,1.177577357759442,0.5280179489415536,-1.39965437509981,0.9373274873438636,0.6481428841493426,-1.520184323985753,1.015020257249141,0.609296499196704,-1.481338244004753
0.165,1.176149529032338,0.528286084138226,-1.403481433467044,0.8899817551582293,0.6713699710752803,-1.546978716333418,1.008380954387861,0.6121703714604646,-1.487779422791868
0.1675,1.173526862591352,0.5290827757961657,-1.407844682161276,0.9442974993589613,0.6436974574123606,-1.522881181239835,1.001802819260256,0.6149447974617133,-1.494128828336119
0.17,1.172590638757654,0.5289674155003021,-1.411303293541389,1.048630038777329,0.5909477154904645,-1.473713870513927,0.995286257636684,0.6176196060607873,-1.500386068976265
0.1725,1.170359366761844,0.5294307846266514,-1.415347829303902,1.109643210029578,0.5597888629927846,-1.44614468085824,0.9888316714893662,0.6201946322628903,-1.506550758736223
0.175,1.169934479806449,0.5289222068088423,-1.418427392963015,1.070968173042146,0.5784053601909935,-1.468357851117664,0.9824394589675778,0.6226697172282778,-1.512622517348899
0.1775,1.168109598903091,0.5290449160170532,-1.422144997943054,0.9588940644462117,0.6336526832454932,-1.527208635593436,0.9761100143731029,0.6250447082820475,-1.518600970279613
0.18,1.168215179142464,0.5281337334202815,-1.424835244454319,0.859247873792511,0.6826173860952578,-1.579783365946575,0.969843728135888,0.6273194589235692,-1.524485748749229
0.1825,1.166811234768585,0.527908704846209,-1.42821795696651,0.8471224250909468,0.6877531096850279,-1.588535460438869,0.9636409867899924,0.6294938288355051,-1.530276489756898
0.185,1.167465637019145,0.5265859518577636,-1.430509035298909,0.9274865545754553,0.6465754930796084,-1.550980335060856,0.9575021729497198,0.6315676838924762,-1.53597283610243
0.1875,1.166496594809505,0.5260064314075942,-1.433549214288474,1.032842199218713,0.5928336292029899,-1.500866859284723,0.9514276652860237,0.6335408961693345,-1.541574436408355
0.19,1.167717218855758,0.5242636537727482,-1.435431781738175,1.0770863306987,0.5695790978512768,-1.481246389091017,0.9454178385031493,0.6354133439490522,-1.547080945141578
0.1925,1.167196331839112,0.5233232774684358,-1.438122173344424,1.021678904378395,0.596081991198794,-1.511388792488567,0.9394730633155182,0.6371849117302326,-1.5524920226347
0.195,1.16899943897128,0.5211526239610226,-1.439587487423774,0.9035497919956157,0.6538774474488548,-1.572828983179056,0.9335937064248712,0.6388554902342271,-1.557807335106979
0.1975,1.168939111863014,0.5198454857291953,-1.441921292987784,0.805847959046092,0.7013910621376562,-1.623992331874789,0.9277801304976354,0.6404249764118846,-1.563026554684898
0.2,1.17133963943974,0.5172398008013142,-1.442961304294119,0.7959038954472104,0.7049576727975788,-1.631213450975839,0.9220326941425573,0.6418932734499054,-1.568149359422415
0.2025,1.171751291476322,0.5155605209829427,-1.444932249087825,0.8770201963310648,0.6629260685555712,-1.592840904182346,0.916351751888586,0.6432602907768108,-1.573175433320797
0.205,1.174762667633769,0.512513437333148,-1.445539694091401,0.9877713704152938,0.6060090859423856,-1.53958730231763,0.9107376541629932,0.644525944068536,-1.578104466348137
0.2075,1.175656595516997,0.5104572311300114,-1.447142095984099,1.046754572975747,0.5749082424006363,-1.512153936850192,0.9051907472697747,0.6456901552536225,-1.582936154458452
0.21,1.179290556286641,0.5069632610588582,-1.447310588603953,1.009303596712071,0.5919567408461431,-1.532873784468985,0.8997113733682792,0.6467528525180389,-1.587670199610469
0.2125,1.180675798909834,0.504526006080745,-1.448539425830091,0.8968184852472895,0.6464546629120173,-1.591046700341452,0.8942998704520926,0.6477139703096155,-1.592306309785979
0.215,1.184942210119065,0.5005806304466496,-1.448263546610743,0.7805914776429553,0.7027559966847047,-1.651026445863563,0.8889565723282168,0.6485734493420738,-1.596844199007867
0.2175,1.186826416830007,0.4977589324819197,-1.449114523761559,0.7334772823213285,0.7244334997362589,-1.676385551706031,0.8836818085964362,0.6493312365987051,-1.601283587357755
0.22,1.191733103238232,0.493358686031018,-1.448389905424187,0.7827322473543024,0.6978591139729828,-1.653495732676993,0.8784759046290288,0.6499872853356196,-1.605624200993252
0.2225,1.194122407451751,0.4901499421341019,-1.448859516756745,0.894076087257772,0.6401731022310915,-1.599497024331653,0.8733391815506765,0.6505415550846392,-1.60986577216487
0.225,1.199674991616364,0.4852924939569406,-1.447682924877601,0.995023853301622,0.5876180631143118,-1.5506317978239,0.8682719562186483,0.6509940116557986,-1.614008039232514
0.2275,1.202573891620254,0.4816949519309536,-1.447768514019318,1.020574032512968,0.5726948814845961,-1.539400710411076,0.863274541203282,0.6513446271394395,-1.618050746681644
0.23,1.208775644988751,0.4763791797979099,-1.44613792158724,0.9521065763243156,0.6047137141301276,-1.575113691135998,0.8583472447686669,0.6515933799079521,-1.621993645139018
0.2325,1.212186893788107,0.4723919931498685,-1.445837736713351,0.8268196158918125,0.6650756320980156,-1.639171583173706,0.8534903708536606,0.6517402546170916,-1.625836491388087
0.235,1.219038602472284,0.4666180504973544,-1.443752391338366,0.7142357799727743,0.7190194617471092,-1.696812984898353,0.8487042190531175,0.6517852422069376,-1.629579048383992
0.2375,1.222963108487558,0.4622413279583776,-1.443065634914664,0.675554727970427,0.7359455182169428,-1.717437983366172,0.8439890845994359,0.6517283399024385,-1.633221085268192
0.24,1.230462956091725,0.4560107023398935,-1.440526117501689,0.729896636493913,0.7062938621387993,-1.691486411040658,0.839345258344312,0.6515695512135998,-1.636762377382694
0.2425,1.234899696463678,0.4512455510738289,-1.4394529897159,0.8454704943119805,0.6459601521496777,-1.634853698320569,0.8347730267408217,0.6513088859352569,-1.640202706283919
0.245,1.243043166210452,0.4445611129541199,-1.436461263481752,0.9585077119066074,0.5868288401060423,-1.579424068767781,0.8302726718257549,0.6509463601464685,-1.643541859756178
0.2475,1.247989114370333,0.4394096746254667,-1.435002998534386,1.007803488162835,0.5595024877292154,-1.555799855766747,0.8258444712021944,0.650481996209536,-1.646779631824753
0.25,1.256768912595125,0.4322757154822586,-1.431562447332503,0.9658119679101264,0.577754187824758,-1.577753923757973,0.821488698022421,0.6499158227686107,-1.649915822768611
0.2525,1.262218981630894,0.4267411944180114,-1.429721341821742,0.8509281413192729,0.6323866145738222,-1.636088718543442,0.8172056209710377,0.6492478747479397,-1.652950239132724
0.255,1.27162498450087,0.4191634532234736,-1.425836796846729,0.7165299594304553,0.696710965758681,-1.704115209526257,0.8129955042484071,0.6484781933497052,-1.655882693739996
0.2575,1.277571987691186,0.4132501359830686,-1.423616229561473,0.6240941104055486,0.7399890746258875,-1.751095001587856,0.808858607554368,0.6476068260514778,-1.658713005702815
0.26,1.287591212748536,0.4052358132651264,-1.419293983633526,0.6144263192683661,0.7418182600052113,-1.756625185221067,0.8047951860721915,0.6466338266032985,-1.661441000434206
0.2625,1.294025842446999,0.3989490790272852,-1.416698426163344,0.6903185189625047,0.7008027407695321,-1.719309751004056,0.8008054904528543,0.6455592550243574,-1.664066509658606
0.265,1.304642446282968,0.3905068378575944,-1.411946234939314,0.8172395322578252,0.6342082948701657,-1.656414248649766,0.7968897667995793,0.6443831775992884,-1.666589371422235
0.2675,1.311553272118278,0.3838531591412719,-1.408981252618458,0.9399570747373893,0.569651257831716,-1.59555478551481,0.7930482566526418,0.6431056668740898,-1.669009430103099
0.27,1.322748575157678,0.3749931125600425,-1.40380832223969,1.006447048553427,0.5331438758621678,-1.562743379723681,0.7892811969744818,0.6417268016516406,-1.671326536420576
0.2725,1.330122062273882,0.3679800459174447,-1.400480565063061,0.9885303129514474,0.5387759205786621,-1.572069574908569,0.785588820135091,0.6402466669868403,-1.673540547444637
0.275,1.341874601294819,0.3587137304827897,-1.394897525927628,0.8914025229110922,0.5839497696746527,-1.62093552089058,0.7819713538976603,0.6386653541813688,-1.675651326604652
0.2775,1.349695149093417,0.3513498969336144,-1.391214709207819,0.7496579894674986,0.6513684767465735,-1.692044043520478,0.7784290214045471,0.6369829607780493,-1.67765874369782
0.28,1.361980757729427,0.3416902322718708,-1.385233575743536,0.6128955881214619,0.7162328170758532,-1.76059569047473,0.7749620411635079,0.6351995905548303,-1.679562674897198
0.2825,1.370230759296085,0.3339852873874525,-1.38120445041756,0.5273920932081531,0.7554046204314182,-1.803452064072053,0.7715706270342115,0.6333153535183891,-1.681363002759341
0.285,1.38302267637437,0.3239465218176849,-1.374838566928946,0.520751200674211,0.7550822596677644,-1.806811309885529,0.7682549882150611,0.6313303658973395,-1.683059616231548
0.2875,1.391682598482088,0.3159111155091623,-1.370472879568718,0.5943155795543875,0.7145946249730125,-1.77000209100466,0.7650153292302759,0.6292447501350684,-1.684652410658706
0.29,1.404951603648963,0.3055087580163399,-1.363736852432337,0.7247399323533834,0.64561459366413,-1.704697057844609,0.7618518499172784,0.6270586348821825,-1.686141287789754
0.2925,1.41400008693205,0.2971544842297296,-1.35904529516174,0.8729098524923138,0.5676996014495977,-1.630453419422877,0.7587647454143776,0.6247721549885659,-1.687526155783737
0.295,1.42771466261259,0.2864052232631343,-1.351954911846419,0.9964032379464365,0.5020609355962111,-1.568482236540044,0.755754206148719,0.6223854514950697,-1.688806929215471
0.2975,1.437128641207053,0.2777445599335542,-1.346949062517146,1.061310053957731,0.4656538535582152,-1.535738540422932,0.7528204178245457,0.6198986716248079,-1.689983529080823
0.3,1.451255159547899,0.2666661697059972,-1.339521198104598,1.050207064193543,0.4671902173831752,-1.540933967144382,0.7499635614117436,0.6173119687740749,-1.691055882801567
0.3025,1.461009999199666,0.257712409470391,-1.334213451230058,0.9648021840683568,0.5058163170360457,-1.583214580961287,0.7471838131346709,0.6146255025028887,-1.692023924229875
0.305,1.475512932259627,0.2463236446259764,-1.326465963303593,0.8235219211175187,0.5723191501970308,-1.653367154126368,0.7444813444612932,0.6118394385251436,-1.692887593652392
0.3075,1.485582585617969,0.2370908169357092,-1.320869452392208,0.6555896311086298,0.6520872941903789,-1.736780038830874,0.7418563220926101,0.6089539486983888,-1.693646837793922
0.31,1.500424736708133,0.2254112966353448,-1.31282106534268,0.4936936012497377,0.7287768643645425,-1.817109125598628,0.7393089079523666,0.6059692110132282,-1.694301609820705
0.3125,1.510781914253396,0.2159140820441769,-1.306949577406016,0.3672103917259861,0.7876998433078817,-1.879666172515617,0.7368392591770663,0.6028854095823417,-1.694851869343323
0.315,1.52592466799414,0.2039641646851971,-1.298619757371314,0.29735184698841,0.8182505751880619,-1.913845299583193,0.7344475281062781,0.5997027346291277,-1.695297582419174
0.3175,1.53654102280178,0.1942178022116994,-1.292487640506057,0.2948286194369478,0.8150740038941157,-1.914291226874012,0.7321338622732407,0.5964213824759693,-1.695638721554577
0.32,1.551944611165144,0.1820184521474321,-1.283896462309917,0.3599168462558353,0.7780323346020863,-1.880865936111462,0.7298984043957615,0.5930415555321233,-1.695875265706463
0.3225,1.562790935487143,0.172038640721371,-1.277518527363174,0.4843317683490356,0.7112682242904246,-1.81771186119884,0.7277412923674109,0.589563462281237,-1.696007200283674
0.325,1.578414716835638,0.1596112884751759,-1.268686534947789,0.6541013257205865,0.6217679840327016,-1.731815090525824,0.7256626592490212,0.5859873172684843,-1.696034517147865
0.3275,1.589461148290082,0.1494140835725313,-1.262077952370326,0.8526594383838823,0.517814938525631,-1.631458726510245,0.7236626332604739,0.5823133410873352,-1.695957214614003
0.33,1.605263896212459,0.1367804811461136,-1.253026014322501,1.063561715857392,0.4076315713236469,-1.524865030846368,0.7217413377727928,0.5785417603659466,-1.69577529745047
0.3325,1.616480131216481,0.1263821877952094,-1.246202207392323,1.2724746328428,0.2983849369820496,-1.419200836661718,0.7198988913005342,0.5746728077531829,-1.695488776878777
0.335,1.63242032980165,0.1135642607506784,-1.236951369242593,1.468327610317822,0.195610620492592,-1.320001507966332,0.7181354074944741,0.570706721904266,-1.695097670572861
0.3375,1.643775841765162,0.1029813241507727,-1.229927904900187,1.643699180376035,0.1030196548453357,-1.230977857228247,0.7164509951346021,0.5666437474660524,-1.694602002658
0.34,1.659811983850692,0.09000102219830075,-1.220499239926701,1.794615829275931,0.02259909948568162,-1.154116723844125,2.314845758123405,-0.2375158649380557,-0.8940018037093272
0.3425,1.671276243570876,0.0792499172307225,-1.213291718501957,1.919979969475244,-0.04510194572146176,-1.089966988117015,2.313319795479464,-0.2417718587235713,-0.8932971107499412
0.345,1.687367128454486,0.06612906507767702,-1.203706178794944,2.020829462240224,-0.1006021018151919,-1.038009809946348,2.311873201331342,-0.2461239713607511,-0.8924879672486221
0.3475,1.698909824115534,0.05522618600733664,-1.196330123923536,2.099586932930671,-0.1451123684002316,-0.997033971179869,2.310506064911782,-0.250571934390787,-0.8915744231171534
0.35,1.715014851227643,0.04198633621990944,-1.186608393461332,2.159402299087338,-0.1802073877099382,-0.9654646115640797,2.309218470552196,-0.2551154734423673,-0.8905565347072396
0.3525,1.72660610541741,0.03094788788142888,-1.179079143484753,2.20364048863108,-0.2075693037254062,-0.9416193696385983,2.308010497677472,-0.2597543082486021,-0.8894343648070324
0.355,1.742685560520082,0.0176101774761821,-1.169241494938737,2.235526085677014,-0.2288100851022838,-0.923886059822763,2.306882220801064,-0.2644881526643087,-0.8882079826372581
0.3575,1.754296141724951,0.006452069214061162,-1.161574097057342,2.257930164695112,-0.2453649422710191,-0.910829255328752,2.305833709520405,-0.2693167146836655,-0.886877463846945
0.36,1.770311472325845,-0.006962918364840198,-1.15164025398153,2.273270824801529,-0.2584425946026819,-0.9012400210091185,2.304865028512611,-0.274239696458223,-0.8854428905087592
0.3625,1.781912998456311,-0.01822517477818697,-1.143849362384388,2.283494998601173,-0.2690161748506179,-0.8941450089284353,2.303976237530489,-0.2792567943152756,-0.8839043511139421
0.365,1.797827075302987,-0.03169754072866238,-1.133838368356991,2.290111550107386,-0.2778397781308616,-0.8887899093961757,2.303167391398851,-0.2843676987765944,-0.8822619405668509
0.3675,1.80939220693303,-0.04304892803846327,-1.125938147487007,2.294251414363894,-0.2854785317538953,-0.8846093811481729,2.302438540011141,-0.2895720945775188,-0.8805157601791038
0.37,1.825169568679506,-0.05655958086298218,-1.115868243658069,2.296737258288474,-0.2923434256674657,-0.8811922209169972,2.301789728326343,-0.2948696606864002,-0.8786659176633331
0.3725,1.836672189850312,-0.06798566706645492,-1.107872277687147,2.298151397556113,-0.2987252709193554,-0.8782474049823596,2.301220996366217,-0.3002600703244074,-0.8767125271265381
0.375,1.852279268259291,-0.08151643550891241,-1.097760790050569,2.298895755949701,-0.3048246793541175,-0.8755741094874949,2.300732379212832,-0.3057429909856829,-0.8746557090630493
0.3775,1.863694652898549,-0.09300345740393112,-1.089681999539221,2.299241294736802,-0.3107767783230576,-0.8730369957422404,2.300323907006393,-0.311318084457853,-0.8724955903470926
0.38,1.879099976253669,-0.1065371924980307,-1.079545237092025,2.299366682309491,-0.316670545525942,-0.8705468753943779,2.299995604943391,-0.3169850068428921,-0.8702323042249656
0.3825,1.890404938491505,-0.1180721311865638,-1.071395803692933,2.29938728159454,-0.3225633027380811,-0.8680462167155407,2.299747493275044,-0.3227434085783332,-0.8678659903068171
0.385,1.905579311237957,-0.1315927964247878,-1.061248968472632,2.299376103396901,-0.3284911925042597,-0.8654986679202392,2.299579587306047,-0.3285929344588329,-0.8653967945580364
0.3875,1.916752338154805,-0.1431634440386675,-1.053040268410547,2.29937847622345,-0.3344765130729899,-0.8628817222444983,2.299491897393634,-0.3345332236580819,-0.8628248692902485
0.39,1.93166899515671,-0.156656192855951,-1.042897378216454,2.299422026417621,-0.3405327084864064,-0.8601817278688484,2.299484428946928,-0.34056390975106,-0.8601503731519178
0.3925,1.942690360771944,-0.1682512099093043,-1.034639925140054,2.299523292180893,-0.3466676756137791,-0.8573905808976185,2.299557182426621,-0.3466846207366432,-0.857373471118565
0.395,1.957325094963625,-0.1817024498698904,-1.024513749550004,2.299692001768143,-0.3528859032721495,-0.854503586251057,2.299710153344934,-0.3528949790605451,-0.8544943344825872
0.3975,1.968176954561113,-0.193311412786218,-1.016217147207672,2.299933778727408,-0.3591898248693656,-0.8515181050350369,2.299943332265901,-0.3591946016386119,-0.8515131408426941
0.4,1.982508217169241,-0.2067088560620962,-1.006119157301709,2.300251816321228,-0.3655806556380895,-0.8484327173197246,2.300256704805946,-0.3655830998804489,-0.8484300740929525
0.4025,1.993174681351505,-0.2183222945717566,-0.9977920623454268,2.300647893097182,-0.3720589004445947,-0.8452467143434017,2.300650251634778,-0.3720600797133928,-0.845245324411442
0.405,2.007183654268329,-0.2316549945026957,-0.9877323943463875,2.301122977036544,-0.3786246558868027,-0.8419597964270038,2.301123948476572,-0.3786251416068169,-0.8419590882485242
0.4075,2.017650842429031,-0.2432644187555577,-0.9793824894189234,2.301677578341085,-0.3852777867115844,-0.8385718965693443,2.301677766111478,-0.3852778805967811,-0.8385715683147263
0.41,2.031321482715976,-0.2565227924802872,-0.9693699222603178,2.302311951789799,-0.3920180270171985,-0.8350830792571765,2.302311670377412,-0.3920178863110054,-0.8350829735682326
0.4125,2.04157755591544,-0.268120709865822,-0.9610038993734069,2.303026210823094,-0.3988450373196492,-0.8314934834112228,2.303025622172175,-0.3988447429941897,-0.8314935192020005
0.415,2.054896612804042,-0.2812965472077493,-0.9510458460111604,2.303820390794808,-0.4057584362031322,-0.827803290748122,2.303819577455859,-0.4057580295336577,-0.827803426630484
0.4175,2.064931786319053,-0.2928764690180761,-0.9426694000790938,2.304694483476704,-0.4127578175969014,-0.8240127085158873,2.304693487253558,-0.4127573194853288,-0.8240129234759739
0.42,2.077888791445634,-0.3059629279936463,-0.9327719121789917,2.305648455586571,-0.419842760064115,-0.8201219602173009,2.305647297658405,-0.4198421811000321,-0.8201222435545608
0.4225,2.087695327537813,-0.3175193662015964,-0.9243897444355174,2.306682258586181,-0.4270128317257808,-0.8161312806982031,2.306680949834876,-0.4270121773501281,-0.8161316268617068
0.425,2.100282559493295,-0.3305109556919037,-0.9145575298956997,2.307795833785905,-0.4342675928382087,-0.8120409135821854,2.307794380022437,-0.4342668659564746,-0.8120413195574486
0.4275,2.109854741195362,-0.3420394102436527,-0.9061733607946254,2.3089891149666,-0.4416065971292716,-0.8078511099464052,2.308987519539472,-0.4416057994157074,-0.8078515739512079
0.43,2.122067165786703,-0.3549319605274351,-0.8964098134049532,2.310262029708008,-0.4490293924880878,-0.8035621276439873,2.310260294787511,-0.4490285250278394,-0.8035626484862283
0.4325,2.131401252738799,-0.3664288976656985,-0.8880264044884174,2.311614500053749,-0.4565355213231737,-0.7991742309578183,2.311612627255788,-0.4565345849241931,-0.7991748077236367
0.435,2.14323644063892,-0.3792195196520649,-0.878333644888304,2.313046442840935,-0.4641245207530723,-0.7946876904218527,2.313044433526056,-0.464123516095633,-0.7946883223261161
0.4375,2.152330608214442,-0.3906823418894777,-0.869952829003044,2.314557769862914,-0.4717959227137134,-0.7901027827256272,2.314555625277772,-0.4717948504211427,-0.7901034690412245
0.44,2.163788631919612,-0.4033693760097371,-0.8603317559783489,2.316148387950197,-0.4795492540250292,-0.7854197906594271,2.316146109293502,-0.4795481146966818,-0.7854205306843052
0.4425,2.172642895058909,-0.4147963844614937,-0.8519544751308428,2.317818199011726,-0.4873840364379026,-0.7806390030791144,2.317815787464704,-0.4873828306643913,-0.7806397961210562
0.445,2.183726207273271,-0.4273793402798391,-0.8424048261900186,2.319567100057711,-0.4952997866720589,-0.7757607148798912,2.31956455679776,-0.4952985150420834,-0.7757615602497034
0.4475,2.192342330591945,-0.4387696901388617,-0.8340311762571869,2.321394983213418,-0.5032960164495985,-0.7707852269743949,2.321392309420342,-0.5032946795530602,-0.7707861239828151
0.45,2.203055626316612,-0.4512491778205062,-0.8245515963480403,2.323301735729491,-0.5113722325269454,-0.7657128462723219,2.323298932588063,-0.5113708309562317,-0.7657137942287374
0.4525,2.211437022171733,-0.4626028278166915,-0.8161808778019142,2.325287239990327,-0.5195279367259884,-0.7605438856607601,2.325284308691417,-0.519526471076533,-0.7605448838726599
0.455,2.221787086889512,-0.4749804826488946,-0.8067689949734984,2.327351373522121,-0.5277626259651991,-0.7552786639845013,2.327348315263059,-0.5277610968356683,-0.7552797117573231
0.4575,2.229938703171061,-0.4862981393759906,-0.7983997687362521,2.329494009000636,-0.5360757922907781,-0.7499175060262828,2.32949082498534,-0.5360742002831304,-0.7499186026633426
0.46,2.239934249587634,-0.498576540572274,-0.7890522755155451,2.331715014259283,-0.5444669229080984,-0.7444607424866234,2.331711705698168,-0.5444652686275407,-0.7444618872891817
0.4625,2.247862449054038,-0.5098595985917184,-0.7806824230355196,2.334014252297219,-0.5529355002133088,-0.7389087099634466,2.334010820407163,-0.5529337842682807,-0.7389099022307496
0.465,2.257513944883172,-0.522042183622951,-0.7713951622751614,2.336391581287944,-0.5614810018253371,-0.7332617509312624,2.336388027292093,-0.5614792248274115,-0.7332629899606329
0.4675,2.265226377879586,-0.5332926622638796,-0.763021948904627,2.33884685458793,-0.5701029006180518,-0.727520213720085,2.338843179715644,-0.5701010631819088,-0.7275214988069819
0.47,2.274545867145476,-0.5453836379526837,-0.7537900028652241,2.341379920745795,-0.5788006647528434,-0.7216844524938985,2.341376126232453,-0.5787987674961722,-0.7216857829320176
0.4725,2.282051339532742,-0.5566041157219767,-0.7454101436259568,2.343990623511548,-0.58757375771138,-0.7157548272288445,2.34398671059844,-0.5875718012548259,-0.7157562023101804
0.475,2.291052259809517,-0.5686083673103495,-0.7362279250830119,2.34667880184629,-0.5964216383287357,-0.7097317036909899,2.346674771780467,-0.5964196232958245,-0.7097331227059355
0.4775,2.2983605978925,-0.5798019148069482,-0.7278376519253915,2.349444289932109,-0.6053437608267527,-0.7036154534137927,2.349440143966262,-0.6053416878438296,-0.7036169156512049
0.48,2.307057595812291,-0.5917249141626963,-0.7186989961352139,2.352286917182347,-0.6143395748477245,-0.6974064536751448,2.352282656574639,-0.6143374445438701,-0.697407958422448
0.4825,2.314179509990749,-0.6028950263576593,-0.710294125829273,2.35520650825208,-0.6234085254883253,-0.6911050874741465,2.355202134266035,-0.6234063384953024,-0.6911066340173966
0.485,2.322588257231393,-0.6147427404250689,-0.7011923822483895,2.35820288304897,-0.6325500533338575,-0.6847117435074433,2.358198396953308,-0.6325478102860262,-0.6847133311314169
0.4875,2.329535206007476,-0.625893269124308,-0.6927683840896477,2.361275856744345,-0.6417635944927426,-0.6782268161452786,2.361271259812864,-0.6417612960270018,-0.6782284441335491
0.49,2.337672217822957,-0.6376720696504841,-0.6836965068161984,2.364425239784625,-0.6510485806313182,-0.6716507054071422,2.364420533296048,-0.6510462273870301,-0.6716523730421714
0.4925,2.344456273689763,-0.6488071569022706,-0.6752485693836459,2.367650837902993,-0.6604044390088863,-0.6649838169370965,2.367646023140838,-0.6604020316278083,-0.664985523500321
0.495,2.352338731875298,-0.6605237323849981,-0.6661992053747556,2.370952452131391,-0.6698305925130446,-0.6582265619787872,2.370947530383826,-0.6698281316392622,-0.6582283067506824
0.4975,2.358972450483531,-0.6716477455306593,-0.6577223016411172,2.374329878812811,-0.6793264596952995,-0.6513793573500404,2.374324851372493,-0.6793239459751402,-0.6513811396102157
0.5,2.36661803247744,-0.6833090162387199,-0.6486878758549599,2.377782909613806,-0.6888914548069029,-0.6444426254171624,2.377777777777777,-0.6888888888888888,-0.6444444444444444
0.5025000000000001,2.373114326334655,-0.6944264852336441,-0.6401768260182518,2.38131133153739,-0.6985249878350117,-0.6374167940688842,2.381306096606906,-0.6985223703697694,-0.6374186491413963
0.505,2.380541041955133,-0.7060395220485568,-0.6311496227309744,2.384914926936144,-0.7082264645390626,-0.6303022966899887,2.384909590216556,-0.7082237961792684,-0.6303041870852248
0.5075000000000001,2.386913059755355,-0.7171550796022875,-0.6225991542083859,2.388593473525677,-0.7179952864874486,-0.6230995721345365,2.388588036326268,-0.7179925678877441,-0.6231014971294577
0.51,2.394139096856411,-0.7287270273234682,-0.6135713938617315,2.392346744398282,-0.7278308510944032,-0.6158090646988368,2.39234120803216,-0.7278280829113423,-0.6158110235699412
0.5125,2.400400109364655,-0.7398453523210347,-0.6049761979573879,2.396174508037023,-0.7377325516572186,-0.6084312240940087,2.396168873820925,-0.7377297345491696,-0.608433216117428
0.515,2.407443689474922,-0.7513833579661187,-0.5959401089998582,2.400076528329889,-0.7476997773936022,-0.6009665054182715,2.4000707975841,-0.7476969120207072,-0.6009685298698293
0.5175,2.413606982690559,-0.762509122532456,-0.5872948938183173,2.404052564584481,-0.7577319134794169,-0.5934153691288421,2.404046738632653,-0.7577290005035029,-0.5934174252841584
0.52,2.420486227473191,-0.774020269051773,-0.5782427791076405,2.408102371542796,-0.7678283410865754,-0.5857782810135441,2.408096451711806,-0.7678253811710806,-0.5857803681481132
0.5225,2.426565003538542,-0.7851580894923026,-0.5695423183170973,2.412225699396333,-0.7779884374211978,-0.5780557121620965,2.412219687016185,-0.7779854312311241,-0.5780578295513518
0.525,2.433297812677897,-0.7966493352002297,-0.5604666157496067,2.416422293801606,-0.7882115757620839,-0.5702481389370124,2.41641619020522,-0.7882085239638911,-0.5702502858564342
0.5275,2.439305098612991,-0.8078037268579479,-0.5517057927642816,2.420691895895673,-0.7984971254992893,-0.5623560429442671,2.420685702418814,-0.7984940287608598,-0.5623582186694279
0.53,2.445909039484732,-0.8192818507593403,-0.5425991298792616,2.425034242312273,-0.8088444521731112,-0.5543799110035226,2.425027960293355,-0.8088413111636518,-0.5543821148102138
0.5325,2.451857603157279,-0.830457186492826,-0.5337729768475266,2.429449065197935,-0.8192529175131542,-0.5463202351181765,2.429442695977908,-0.8192497329031407,-0.5463224662824476
0.535,2.458349812348609,-0.8419287395377599,-0.5246282192063105,2.433936092228599,-0.829721879477755,-0.5381775124449479,2.433929637150798,-0.8297186519388545,-0.5381797702432181
0.5375,2.464252083792898,-0.8531292108768234,-0.5157319496887746,2.438495046626334,-0.8402506922935413,-0.5299522452632558,2.438488507036348,-0.8402474224985483,-0.5299545289723691
0.54,2.470649180155598,-0.8646004729848644,-0.5065422428201034,2.443125647176482,-0.8508387064953064,-0.521644940944194,2.443119024421995,-0.8508353951180631,-0.5216472498415313
0.5425,2.476517173747841,-0.8758300517174853,-0.4975712758746419,2.447827608244936,-0.8614852689660328,-0.5132561119192889,2.447820903675608,-0.8614819166813688,-0.5132584452828055
0.545,2.482835182081772,-0.8873069941201901,-0.4883300804538918,2.452600639795833,-0.8721897229772204,-0.5047862756488238,2.45259385476313,-0.8721863304608688,-0.5047886327571748
0.5475,2.488680409819248,-0.8985693894342949,-0.4792800513391036,2.457444447409365,-0.8829514082293531,-0.4962359545899881,2.457437583266461,-0.8829479761579013,-0.4962383347225755
0.55,2.494934693295984,-0.9100576413906541,-0.469981170926752,2.462358732300035,-0.8937696608926796,-0.4876056761645854,2.462351790401599,-0.8937661899434619,-0.4876080786016604
0.5525,2.500768049001326,-0.9213562424812783,-0.4608479185345218,2.467343191334966,-0.9046438136480983,-0.4788959727265597,2.467336173037113,-0.9046403044991717,-0.4788983967492819
0.555,2.506973246684878,-0.9328610605444617,-0.4514855184566052,2.472397517052716,-0.9155731957283807,-0.4701073815291101,2.47239042371279,-0.915569649058418,-0.4701098264196424
0.5575,2.512804820891057,-0.9441988445639529,-0.4422650296503802,2.477521397682196,-0.9265571329595228,-0.4612404446915669,2.47751423065865,-0.9265535494477498,-0.4612429097331571
0.5600000000000001,2.518974783584518,-0.9557250810136395,-0.4328336441545647,2.482714517161847,-0.9375949478023042,-0.4522957091659812,2.482707277814149,-0.9375913281284552,-0.4522981936430179
0.5625,2.524813531607909,-0.9671044476184677,-0.4235219166508498,2.487976555159249,-0.9486859593941374,-0.443273726703321,2.487969244847664,-0.9486823042383449,-0.4432762299014416
0.5650000000000001,2.530961243785213,-0.9786565119382362,-0.4140164388328181,2.493307187090784,-0.9598294835910218,-0.4341750538194977,2.493299807176293,-0.9598257936337763,-0.4341775750256516
0.5675,2.536814363147551,-0.9900789725126857,-0.4046091911609552,2.4987060841417,-0.9710248330097602,-0.4250002517610116,2.498698635985833,-0.9710211089318265,-0.4250027902635354
0.5700000000000001,2.542951829510869,-1.001660775182604,-0.3950248356234327,2.504172913286394,-0.9822713170703659,-0.4157498864703338,2.504165398251104,-0.9822675595527208,-0.4157524415590406
0.5725,2.548823590065932,-1.013126368417145,-0.3855169363531481,2.509707337308942,-0.9935682420386501,-0.406424528550992,2.509699756756449,-0.9935644517624036,-0.4064270995172435
0.5750000000000001,2.554961650465974,-1.024741228890054,-0.3758491572167329,2.515309014823902,-1.004914911069018,-0.397024753232387,2.515301370116577,-1.004911088715356,-0.3970273393691724
0.5775,2.560851238691256,-1.036247443444395,-0.3662335547383753,2.520977600297396,-1.016310624247465,-0.3875511403342945,2.520969892797573,-1.016306770497554,-0.3875537409363053
0.58,2.56699925275969,-1.047897932980384,-0.3564778904702035,2.526712744068348,-1.027754678634713,-0.3780042742311195,2.526704975138272,-1.027750794169675,-0.3780068885948171
0.5825,2.5728969160283,-1.059437780138693,-0.3467436868202686,2.532514092370191,-1.039246368309639,-0.3683847438158016,2.532506263371777,-1.039242453810432,-0.3683873712395347
0.585,2.579062227469096,-1.071125454471021,-0.3368954876696172,2.538381287352529,-1.050784984412738,-0.3586931424635708,2.538373399647297,-1.050781040560122,-0.358695782247598
0.5875,2.584942617101907,-1.082684140189204,-0.3270246064045396,2.544313967103333,-1.062369815189917,-0.3489300679952616,2.544306022052245,-1.062365842664373,-0.3489327194418692
0.59,2.591129667778143,-1.094409097089829,-0.3170785803383872,2.550311765671183,-1.074000146036349,-0.3390961226405042,2.550303764634505,-1.07399614551801,-0.3390987850540473
0.5925,2.596940788788164,-1.105958497390721,-0.3070402330222143,2.556374313087917,-1.085675259540598,-0.3291919130005184,2.556366257425072,-1.085671231709175,-0.3291945856875287
0.595,2.603149709539593,-1.117718672602935,-0.2969897244484031,2.562501235391381,-1.097394435528829,-0.319218050010741,2.562493126460841,-1.097390381063559,-0.3192207322799847
0.5975,2.608795352109649,-1.129208549839819,-0.2867316138810233,2.568692154648544,-1.109156951109267,-0.3091751489031047,2.568683993807659,-1.109152870688825,-0.3091778400656714
0.6,2.615019823209492,-1.140998647832117,-0.276567512416302,2.574946688978753,-1.120962080716747,-0.2990638291681305,2.574938477583673,-1.120957975019207,-0.2990665285374887
0.6025,2.620332931084104,-1.152343335410886,-0.2660025007862573,2.58126445257732,-1.132809096157493,-0.2888847145166307,2.581256191982867,-1.132804965860267,-0.2888874214087636
0.605,2.626557103601924,-1.164153290585338,-0.2557116764781575,2.587645055739138,-1.144697266653945,-0.2786384328412448,2.587636747298843,-1.144693112433798,-0.278641146574765
0.6075,2.63126151400801,-1.175212563452479,-0.2446986363206236,2.594088104882397,-1.156625858889673,-0.2683256161774538,2.594079749948901,-1.156621681422925,-0.2683283360739929
0.61,2.637455849180246,-1.187025460358301,-0.2342618306131061,2.60059320257142,-1.168594137053889,-0.2579469006639725,2.600584802498296,-1.168589937017327,-0.257949626049177
0.6125,2.641114650431655,-1.197578714332079,-0.2225798021969058,2.607159947536808,-1.180601362884655,-0.2475029265012343,2.607151503684734,-1.180597140958618,-0.2475056567080366
0.615,2.647230710887029,-1.209368183807838,-0.2119689922589267,2.613787934685828,-1.192646795707237,-0.2369943379047655,2.613779448443167,-1.192642552585907,-0.2369970722838025
0.6175,2.649181643184637,-1.219082136508413,-0.1992848606725837,2.620476755082256,-1.204729692457223,-0.2264217830428924,2.620468227930726,-1.204725428881458,-0.2264245209954535
0.62,2.65514619757074,-1.230809408525922,-0.1884602785090901,2.627225995832857,-1.216849307656981,-0.2157859139273111,2.62721742955199,-1.216845024516547,-0.2157886550077595
0.6225000000000001,2.654428563562178,-1.239201555186312,-0.174292204205746,2.634035239696383,-1.229004893253414,-0.2050873861647451,2.634026636984426,-1.229000591897436,-0.2050901303910355
0.625,2.66013785921147,-1.250812595715181,-0.1631994384633132,2.640904063891913,-1.241195698055403,-0.194326858307674,2.640895430204024,-1.241191381211458,-0.1943296070806679
0.6275000000000001,2.655421491723756,-1.257215693579553,-0.1468813154095643,2.647832036655823,-1.253420966045586,-0.1835049900792748,2.647823385511275,-1.253416640473313,-0.183507748836428
0.63,2.660737166268909,-1.268639160927244,-0.1354492318688487,2.654818707647521,-1.265679931616551,-0.1726224375222473,2.654810075557254,-1.265675615571417,-0.1726252232014998
0.6325000000000001,2.650271600663836,-1.272175815961356,-0.1161052474195358,2.661863582025272,-1.277971806642074,-0.1616798399822822,2.661855069370025,-1.277967550314451,-0.1616827014613331
0.635,2.655020312902427,-1.2833228767386,-0.1042457688045446,2.668966052457275,-1.290295746516023,-0.1506777860590286,2.668957932381164,-1.290291686477968,-0.1506808586022121
0.6375000000000001,2.636629826651884,-1.28290306395083,-0.08078789695692157,2.676125226128123,-1.302650763688949,-0.1396167270542125,2.676118226452648,-1.302647263851212,-0.1396203732696264
0.64,2.640609057487899,-1.293670294076013,-0.0683988678974593,2.683339498108325,-1.315035514386225,-0.1284967636010198,2.683335509903786,-1.315033520283956,-0.1285019277264071
0.6425,2.611763808739936,-1.288026927334259,-0.03956241212256728,2.690605532937182,-1.327447789432882,-0.1173171363998875,2.690609337538546,-1.327449691733564,-0.1173262078106527
0.645,2.6147561068327,-1.298303435391957,-0.02653468695131611,2.697915915236484,-1.339883339593849,-0.1060750514692153,2.697939260672986,-1.339895012312101,-0.1060939028934086
0.6475,2.572747429989873,-1.286080015747045,0.009034098115988098,2.705253922025634,-1.352333261764925,-0.09476306624665409,2.705324827162908,-1.352368714333563,-0.09480570583614889
0.65,2.574544355319357,-1.295759415305042,0.02280471781586357,2.712582328393539,-1.364778401842133,-0.0833634923683737,2.712765581431794,-1.36487002836126,-0.08346231294804729
0.6525,2.516779673482367,-1.275657487747004,0.06640119567149527,2.719820403100931,-1.377177852556286,-0.07183689341311594,2.720261064498859,-1.37739818325525,-0.07206442394299883
0.655,2.517214680208088,-1.284654339320271,0.08099755282046306,2.726798698217983,-1.389446348325218,-0.06009947966380558,2.727810814007404,-1.389952406219929,-0.06061274189649113
0.6575,2.441622681140279,-1.255636081295168,0.1336561418509237,2.733174456035298,-1.401411968742677,-0.04798081150535716,2.735414364253325,-1.402531922851691,-0.0491079732022176
0.66,2.440609353804375,-1.263905010981971,0.1491206376936383,2.73828181486413,-1.412741241511848,-0.03514890226685619,2.743071246213816,-1.415135957186691,-0.0375508275284987
0.6625,2.346111205140936,-1.225428840531024,0.2113792273838943,2.740882903208673,-1.422814689564893,-0.02098576524945117,2.750780987576341,-1.427763731748727,-0.02594201777452732
0.665,2.343680228354385,-1.232983025390505,0.2276953671424186,2.738784694821553,-1.430535258624089,-0.004395841195615424,2.758543112767725,-1.440414467597175,-0.01428226002635935
0.6675,2.230645189006973,-1.185231407386781,0.2993675351349863,2.728304355053801,-1.434060990410196,0.01646132859481331,2.76635714298353,-1.45308738437506,-0.002572273512781109
0.67,2.226971197953534,-1.192156001225167,0.316446531704932,2.703621157251482,-1.430480980874141,0.04449514412530631,2.774222596217564,-1.465781700357181,0.009187219439080296
0.6725,2.09754744425529,-1.136200860980167,0.3964561523471246,2.656165930867295,-1.41551010428617,0.08398922270643261,2.782138987291626,-1.478496632498336,0.02099549344830509
0.675,2.092956624338381,-1.142656794708093,0.4141331537894817,2.574377167921293,-1.383367066499549,0.1407233457850345,2.790105827885417,-1.491231396481611,0.03285182012493526
0.6775,1.951164667919983,-1.08050622744343,0.5004677096108985,2.444365833301387,-1.327106810134132,0.2216410538540926,2.798122626566693,-1.503985206766785,0.04475546811488507
0.68,1.946116490131291,-1.086721077293635,0.5185109570992343,2.252176828919921,-1.23975124668795,0.3337189144346839,2.806188888821533,-1.516757276638756,0.05670570314508538
0.6825,1.79762362258895,-1.021206571008122,0.6083343356513448,1.988221998377106,-1.1165057589022,0.4817500198047358,0.8143041170848992,-0.5295468182560972,1.068701788068747
0.6850000000000001,1.792665441745496,-1.027451858186745,0.6264678882797023,1.653841297474752,-0.9580397860513729,0.6650634018030928,0.8224678107712815,-0.5423530426996376,1.080742982910838
0.6875,1.644225507822781,-0.96194818077972,0.7164005134607783,1.26866330860312,-0.7741670811698891,0.8738437746970601,0.830679466305597,-0.5551751600211278,1.092828544913749
0.6900000000000001,1.639925805744888,-0.9685059935872937,0.7343376488803085,0.875658776939637,-0.5863724791846683,1.086604767144487,0.8389385771542659,-0.5680123792919828,1.104957728583082
0.6925,1.498555617204447,-0.9065194003260578,0.8208682906607648,0.5392968089359773,-0.4268899961918228,1.271110823011738,0.8472446338563981,-0.5808639086520332,1.117129785733658
0.6950000000000001,1.495428329556882,-0.913644558109208,0.8383493622099127,0.3324605369358311,-0.3321606617986823,1.390919369126803,0.8555971240553136,-0.5937289553584235,1.129343965535658
0.6975,1.3674741303478,-0.8583460247433372,0.9183019194743128,0.311308644665514,-0.330263281902194,1.417950052595973,0.8639955325300777,-0.6066067258344758,1.141599514560932
0.7000000000000001,1.36591029952445,-0.8662319048672241,0.9351285486563684,0.4844499671181459,-0.4255017386640723,1.347897440924186,0.8724393412272762,-0.6194964257186374,1.153895676829495
0.7025,1.256204604424801,-0.8200355474793966,1.006083644104776,0.7912038876821048,-0.5875351891080486,1.211100823513405,0.8809280292930249,-0.6323972599135086,1.166231693856135
0.705,1.256426766618347,-0.8287912793915122,1.022141544400623,1.107546515387192,-0.7543511537759343,1.069571123102389,0.8894610731050576,-0.6453084326348674,1.178606804697212
0.7075,1.167725606417336,-0.7930729775169123,1.082717915020336,1.290660422961053,-0.854540385788771,0.9947160268015373,0.8980379463050406,-0.6582291474607647,1.191020245997596
0.71,1.16977465115107,-0.8027168730406664,1.097983477967861,1.251449999144373,-0.8435545470373175,1.031082309998655,0.9066581198310302,-0.6711586073806463,1.203471252037761
0.7125,1.10259532897535,-0.7777331483571364,1.147919108824933,1.017583817893366,-0.7352273928161448,1.164834651821225,0.9153210619501301,-0.6840960148445268,1.215959054780997
0.715,1.106350768545949,-0.7882028369395145,1.16244928371926,0.7378609043012745,-0.603957904817177,1.321572502239431,0.9240262382912421,-0.6970405718121609,1.228482883920816
0.7175,1.059221688286449,-0.7732157680064848,1.202476504649677,0.6025097346503068,-0.5448597911884139,1.406180582104258,0.9327731118781024,-0.7099914798023117,1.241041966928443
0.72,1.064447387673215,-0.7843910621974026,1.216385946671114,0.7128910742120725,-0.6086129054668314,1.367977464311338,0.9415611431623407,-0.7229479399419656,1.253635529100473
0.7225,1.034471910381091,-0.77795021317778,1.247949513999795,0.9914986692764887,-0.756463592625479,1.245715227851105,0.9503897900567909,-0.7359091530156301,1.266262793606677
0.725,1.040873477578967,-0.7896818043196515,1.261381900879179,1.221449171780358,-0.8799696514203471,1.14783449555902,0.9592585079689371,-0.7488743195146365,1.278922981537894
0.7275,1.02443760427818,-0.789978066908292,1.286285165008321,1.21527545127974,-0.885396990409072,1.168067778194233,0.9681667498344643,-0.761842639686434,1.291615311954107
0.73,1.031716661633909,-0.8021146613253762,1.299386072030299,0.9872918130915094,-0.7799022370541764,1.299256865433934,0.9771139661510592,-0.7748133135839512,1.304339001932582
0.7325,1.025158261982126,-0.8073148695998519,1.319456371247803,0.7613578326756029,-0.6754146549465905,1.429470908747364,0.9860996050122794,-0.7877855411149288,1.317093266616192
0.735,1.033052500589096,-0.8197232163150159,1.33235325365457,0.7694747515967898,-0.687934341818863,1.442708223480446,0.9951231121415967,-0.8007585220912663,1.329877319261807
0.7375,1.03315521169007,-0.8282170966601341,1.349194972077685,1.011782790564245,-0.8175308860972219,1.338897632401571,1.004183930926574,-0.8137314562783862,1.342690371288848
0.74,1.041459464530047,-0.8407925244830068,1.361986637118173,1.23589832343161,-0.9380119539337882,1.24422987876739,1.013281502453242,-0.8267035434446039,1.355531632327911
0.7425,1.045712499017583,-0.851322600149004,1.376851307278073,1.200268548902017,-0.9286006250912211,1.279480290536337,1.022415265540533,-0.8396739834104789,1.368400310269517
0.745,1.054282331492664,-0.8639908134570522,1.389606126667601,0.9580711250143211,-0.8158852102178806,1.418058963191593,1.031584656774906,-0.8526419760981729,1.381295611313008
0.7475000000000001,1.060924677147578,-0.8756745048820421,1.403370335668204,0.8148792427972025,-0.7526517877068541,1.507178222980471,1.040789110545129,-0.8656067215808175,1.394216740015464
0.75,1.069668040013571,-0.8883874106000591,1.416130426036372,0.9619300479109201,-0.8345184145487338,1.451218416159984,1.050028059077124,-0.8785674201318359,1.407162899340808
0.7525000000000001,1.077585438416776,-0.9006655252481659,1.42934733159741,1.218976010656984,-0.9713608113682699,1.340302224058711,1.059300932469038,-0.8915232722742968,1.420133290708949
0.755,1.086448994382751,-0.913394396658407,1.442135397371287,1.252528367126943,-0.9964340830305032,1.341172942569202,1.068607158726367,-0.9044734788302147,1.433127114045046
0.7575000000000001,1.095005236614241,-0.9259467773783516,1.455119084809368,1.029679208323188,-0.893283763232825,1.470283437654668,1.077946163797219,-0.9174172409698407,1.44614356782888
0.76,1.10396066342453,-0.9386754061693319,1.467945272198739,0.8834745898955088,-0.8284323694048213,1.561109590547699,1.087317371607787,-0.9303537602609604,1.45918184914426
0.7625000000000001,1.112828603338821,-0.9513364383386254,1.480855252136442,1.042894633469857,-0.9163694534041429,1.499160247153331,1.096720204097814,-0.9432822387181218,1.472241153728587
0.765,1.121861813491362,-0.964055744969404,1.493722544214271,1.279529201303331,-1.042889438875389,1.398639380788868,1.10615408125632,-0.9562018788518831,1.485320676022427
0.7675000000000001,1.130890359653397,-0.9767478529660207,1.506630260527006,1.239140253639389,-1.030872799959016,1.436664913573942,1.115618421157313,-0.9691118837179786,1.498419609219246
0.77,1.139994396722156,-0.9894523353297113,1.51953803348631,1.002390192032833,-0.9206502329850499,1.572904544835668,1.125112639995741,-0.9820114569665039,1.511537145315134
0.7725,1.149120855183028,-1.0021421544208,1.53247069544531,0.9741288648186111,-0.914646159238592,1.604932248442131,1.134636152123439,-0.9948998028910061,1.524672475158684
0.775,1.158291887724674,-1.014827885297276,1.545416725602352,1.217267140859027,-1.044315511864452,1.501291485996747,1.14418837008534,-1.007776126477609,1.537824788500877
0.7775,1.167492513695721,-1.027501537974059,1.558382035228778,1.328245897569809,-1.107878229911103,1.463760712893335,1.153768704655643,-1.02063963345402,1.550993274045063
0.78,1.176727890371645,-1.040165193087267,1.571363475011923,1.128549403665801,-1.016075949734345,1.581596687011441,1.16337656487417,-1.033489530338529,1.564177119497038
0.7825,1.185993866275724,-1.052816278585407,1.584361640943211,0.9970230471884796,-0.9583308690417854,1.665375604770986,1.173011358082863,-1.046325024488977,1.577375511615106
0.785,1.195291305722484,-1.065454732031719,1.597375427150874,1.193968645270519,-1.064793401805737,1.584945446318341,1.182672489962284,-1.059145324151619,1.590587636260276
0.7875,1.204618718616286,-1.078079315533971,1.610404178559239,1.365199711039346,-1.158369811745501,1.517398342143176,1.192359364568305,-1.07194963850998,1.603812678446459
0.79,1.213976023213907,-1.090689497156155,1.623447178357367,1.199767545713164,-1.083585258405784,1.618207527099067,1.202071384368893,-1.084737177733649,1.617049822390757
0.7925,1.223362307232621,-1.10328433150282,1.636503546128138,1.042873595578367,-1.013039975675693,1.714771161983494,1.211807950280894,-1.097507153026957,1.630298251563787
0.795,1.232777279403371,-1.115863185525834,1.649572601511515,1.228442747949695,-1.113695919798996,1.640125685626704,1.221568461707071,-1.110258776677684,1.643557148740024
0.7975,1.242220159224362,-1.128425183431246,1.662653448712904,1.396189600180629,-1.20540990390938,1.574412680455371,1.231352316573099,-1.122991262105615,1.656825696048242
0.8,1.251690582465169,-1.140969659461295,1.675745388365012,1.217297304620895,-1.123773020539158,1.682039450082879,1.241158911364727,-1.135703823911074,1.670103075021938
0.8025,1.261187817873863,-1.153495766277803,1.688847539994494,1.092983631053862,-1.069393672867802,1.762395988159725,1.250987641164994,-1.148395677923369,1.683388466649837
0.805,1.270711454444306,-1.166002818625537,1.701959182617217,1.312663778013091,-1.18697898040993,1.670773572784446,1.26083789969156,-1.161066041249164,1.696681051426396
0.8075,1.280260792664156,-1.178489988985806,1.71507945131737,1.414302913286134,-1.245511049296794,1.6381884963209,1.270709079334059,-1.173714132320757,1.709980009402385
0.8100000000000001,1.289835384517001,-1.190956577606997,1.728207607165619,1.193193782500466,-1.14263577659873,1.766993261174708,1.280600571191645,-1.186339170944319,1.723284520235421
0.8125,1.299434554543254,-1.203401773064371,1.741342797810596,1.175228179721754,-1.141298585653621,1.794240844563439,1.290511765110503,-1.198940378347996,1.736593763240616
0.8150000000000001,1.309057824615185,-1.215824864676797,1.754484269898161,1.424165550280222,-1.273378727509316,1.688050397172872,1.300442049721509,-1.211516977229959,1.749906917441164
0.8175,1.318704537710858,-1.228225054422811,1.767631180990106,1.378293296232749,-1.258019433683757,1.729277090495451,1.31039081247794,-1.224068191806352,1.763223161618997
0.8200000000000001,1.328374191136631,-1.240601623580832,1.780782766207109,1.171571078695699,-1.162200067360366,1.850939965733471,1.320357439693233,-1.236593247859133,1.776541674365464
0.8225,1.338066141847208,-1.252953785418012,1.793938190920447,1.328950847792026,-1.248396138390421,1.790561918895012,1.33034131657888,-1.249091372783848,1.789861634131949
0.8250000000000001,1.347779867069384,-1.26528081553081,1.80709668109552,1.487202508546446,-1.334992136269341,1.729756867916088,1.340341827282324,-1.26156179563728,1.803182219280601
0.8275,1.357514734188892,-1.277581936816972,1.820257408266905,1.276726901933383,-1.237188020689217,1.853323262206292,1.35035835492496,-1.274003747185006,1.816502608134978
0.8300000000000001,1.367270203977518,-1.289856421117517,1.833419591183511,1.256273983728289,-1.234358310992902,1.881884993292874,1.360390281640189,-1.286416459948853,1.829821979030745
0.8325,1.377045651449065,-1.302103499673001,1.846582406268123,1.503459866557555,-1.365310607227246,1.776632873865524,1.370436988611501,-1.298799168254219,1.843139510366377
0.835,1.386840523845791,-1.314322442144882,1.859745066642148,1.40081432733567,-1.321309343889822,1.846300884127521,1.380497856110695,-1.311151108277335,1.856454380653805
0.8375,1.396654201607224,-1.326512487127932,1.872906752641526,1.246456658893072,-1.251413715770856,1.941828246051655,1.390572263536067,-1.323471518092353,1.869765768569108
0.84,1.406486120806309,-1.33867290339616,1.886066673066243,1.479733554965343,-1.375296620475677,1.843540480955373,1.400659589450726,-1.335759637718369,1.883072853003179
0.8425,1.416335665590173,-1.350802936150921,1.899224011432145,1.495557440566211,-1.39041382363894,1.853980244384135,1.410759211620883,-1.348014709166276,1.896374813112374
0.845,1.426202262767048,-1.36290185434193,1.912377973295753,1.278884557385887,-1.28924300165135,1.98066828348205,1.420870507054275,-1.360235976485544,1.909670828369121
0.8475,1.436085298862682,-1.374968909222893,1.925527744813817,1.459773752639611,-1.386813136111357,1.908574042637416,1.43099285203856,-1.372422685810832,1.922960078612585
0.85,1.445984192959146,-1.387003370798167,1.938672529193977,1.557276047770107,-1.442649298203648,1.878170879201357,1.441125622179821,-1.384574085408505,1.936241744099205
0.8525,1.455898332943616,-1.399004495974272,1.951811514850415,1.323186087380059,-1.332648373192494,2.013560339091373,1.451268192441086,-1.396689425723007,1.949515005553289
0.855,1.465827131417403,-1.41097155654136,1.964943903389524,1.461278805255584,-1.40869739346045,1.962853823849436,1.461419937180821,-1.408767959423068,1.962779044217558
0.8575,1.475769976860916,-1.422903814782497,1.97806888522355,1.597986478112418,-1.484012065408248,1.912834063838694,1.471580230191605,-1.420808941447842,1.976033041903619
0.86,1.485726276406132,-1.434800544886549,1.991185660987878,1.360646901928795,-1.372260857647881,2.049831030146778,1.481748444738698,-1.432811629052832,1.989276181042468
0.8625,1.495695418556721,-1.446661014334728,2.004293422932141,1.487477007343425,-1.44255180872808,2.004735126956671,1.491923953598733,-1.444775281855734,2.002507644734901
0.865,1.505676805800623,-1.458484500233202,2.017391371257446,1.626131549356203,-1.518711872010992,1.953717846765944,1.502106129098391,-1.456699161882086,2.015726616801908
0.8675,1.515669826252127,-1.470270275160305,2.030478699968349,1.385465077432985,-1.405167900750733,2.092350785404201,1.512294343153137,-1.46858253361081,2.028932281835022
0.87,1.525673878432846,-1.482017619583014,2.043554609294149,1.538470584990249,-1.488415972861715,2.034136317360332,1.522487967305925,-1.480424664019553,2.042123825246635
0.8725000000000001,1.53568834977951,-1.493725811136687,2.056618294973609,1.639919423645663,-1.545841348069764,2.001687638726936,1.532686372766005,-1.492224822629935,2.055300433320196
0.875,1.545712635408508,-1.505394134032996,2.069668957667886,1.403244788347844,-1.434160210502664,2.138287024704928,1.54288893044768,-1.503982281552582,2.068461293260459
0.8775000000000001,1.555746121889004,-1.517021870971982,2.082705794877798,1.613064318871085,-1.545680969463022,2.051624528925812,1.553095011009149,-1.515696315532054,2.081605593243591
0.88,1.565788201401451,-1.528608310246638,2.095728008053593,1.628087874432733,-1.559758146762278,2.062344096212395,1.563303984891285,-1.527366201991555,2.094732522467243
0.8825000000000001,1.575838259534609,-1.540152739666578,2.10873479652403,1.433277806901979,-1.468872513350263,2.177963426043896,1.573515222356477,-1.538991221077512,2.1078412712006
0.885,1.58589568593025,-1.551654451905363,2.121725362849109,1.699603372059019,-1.608508294969748,2.062996766995683,1.583728093527516,-1.550570655703996,2.120931030834286
0.8875000000000001,1.59595986514438,-1.563112739955927,2.134698908281084,1.580264605309878,-1.555265110038677,2.140842978951181,1.593941968426388,-1.562103791596932,2.134000993930274
0.89,1.606030184621045,-1.574526901142103,2.147654636781616,1.508090544677184,-1.525557081170172,2.19508642167571,1.604156217013184,-1.573589917338172,2.14705035427167
0.8925000000000001,1.6161060278784,-1.585896233736108,2.160591751645041,1.760077471991177,-1.657881955792496,2.087227834290196,1.614370209224948,-1.585028324409382,2.160078306912457
0.895,1.626186780459871,-1.597220039958406,2.173509458504043,1.514580773435946,-1.541417036446444,2.228088405067036,1.624583315014503,-1.596418307235722,2.173084048227156
0.8975,1.636271824877475,-1.608497623473449,2.18640696283139,1.648906929805695,-1.614815175937559,2.179013776371066,1.634794904389393,-1.607759163229408,2.18606677596038
0.9,1.646360545037104,-1.619728291626231,2.199283472182499,1.733051345711075,-1.663073691963217,2.155005130125269,1.645004347450682,-1.619050192833021,2.199025689276326
0.9025,1.656452322504948,-1.630911353599227,2.21213819435855,1.50937925734056,-1.557374821017033,2.284878733998873,1.655211014431836,-1.630290699562671,2.211959988808176
0.905,1.66654653978616,-1.642046122075258,2.224970339075575,1.801237389743877,-1.709391547054117,2.156960112834456,1.665414275737548,-1.641479990050952,2.224868876707413
0.9075,1.676642577583543,-1.653131911890191,2.23777911662352,1.608209845352353,-1.618915545774597,2.271456104456343,1.67561350198261,-1.652617374089725,2.237751556693018
0.91,1.686739817218086,-1.664168041266371,2.250563739106096,1.658533009830335,-1.650064637572496,2.264247406813408,1.685808064030692,-1.663702164672674,2.250607234100618
0.9125,1.696837638628723,-1.675153830835471,2.263323419470179,1.806810685446522,-1.730140354244371,2.208031011361896,1.695997333033192,-1.674733678037706,2.26343511593147
0.915,1.706935422153361,-1.686088604551792,2.276057372425734,1.550658732974279,-1.607950259962251,2.353997882183517,1.706180680468009,-1.685711233709116,2.276234410901394
0.9175,1.71703254707973,-1.696971688990274,2.288764813750563,1.867468672037758,-1.772189751469288,2.213451155880605,1.716357478178289,-1.696634154539554,2.289004329489591
0.92,1.727128392951913,-1.70780241402216,2.301444960972779,1.622693133770853,-1.65558478443163,2.353663415314726,1.726527098411237,-1.707501766751822,2.301744083987324
0.9225,1.737222338529186,-1.718580112316616,2.31409703287935,1.767285806434099,-1.733611846269073,2.299156716866127,1.736688913856749,-1.718313399980397,2.314452888546537
0.925,1.747313762742089,-1.729304119840769,2.326720250023157,1.795668703185892,-1.75348159006267,2.302718956616025,1.746842297686188,-1.729068387312818,2.327129959228293
0.9275,1.757402043951906,-1.739973775511251,2.33931383438163,1.639213957978611,-1.680879732524603,2.398662972466154,1.756986623591033,-1.739766065330814,2.339774514051159
0.93,1.767486560649137,-1.750588421565044,2.351877009734809,1.933243810361873,-1.833467046421413,2.269326551804736,1.76712126582145,-1.750405774151201,2.352385773039436
0.9325,1.777566690933404,-1.761147403320839,2.364409001433974,1.586672557419122,-1.665700336563699,2.460251455605614,1.777245599224976,-1.760986857466625,2.364962958271262
0.9350000000000001,1.787641813023565,-1.771650069455292,2.376909036685314,1.980684301740967,-1.868171313813993,2.280844544508786,1.787358999285043,-1.771508662586031,2.377505293926609
0.9375,1.797711304898384,-1.782095771844358,2.389376344398719,1.61780147382312,-1.692140856306726,2.479843517688624,1.7974608421595,-1.781970540474916,2.390012006335132
0.9400000000000001,1.807774544669641,-1.792483865770647,2.401810155402716,1.963485517412177,-1.870339352141914,2.324516570247872,1.807550504719081,-1.792371845795367,2.4024823240239
0.9425,1.817830910339421,-1.80281370982265,2.414209702351352,1.68974822961458,-1.73877236946023,2.478856723230053,1.817627364585893,-1.802711936945886,2.414915477764974
0.9450000000000001,1.82787978007414,-1.813084666052139,2.426574219889349,1.927601343357347,-1.862945447693743,2.37735703245567,1.827690800171732,-1.812990176100935,2.427310700622874
0.9475,1.837920532045921,-1.823296099915025,2.438902944600801,1.762968231364483,-1.785819949574305,2.47705473660054,1.837740190716496,-1.823205929250312,2.439667228001862
0.9500000000000001,1.847952544635402,-1.833447380392723,2.45119511513848,1.901635818743871,-1.860289017446958,2.4250553009686,1.847774916326446,-1.833358566238245,2.451984297693123
0.9525,1.857975196333353,-1.843537879962719,2.463449972202413,1.820344535787086,-1.824722549689586,2.482987441158206,1.857794358012424,-1.843447460802255,2.464261149921783
0.9550000000000001,1.867987865892645,-1.853566974694089,2.475666758643522,1.893023239795343,-1.866084661645438,2.463885662215033,1.867797897728094,-1.853471990611813,2.476497027393763
0.9575,1.877989932272711,-1.863534044239054,2.487844719463375,1.861306730675761,-1.855192443440579,2.496931500899771,1.877784918407981,-1.863431537306689,2.488691175342512
0.96,1.887980774755482,-1.873438471910066,2.499983101899562,1.898233195088595,-1.878564682076623,2.495604803680104,1.887754804005617,-1.873325486535134,2.500842841575542
0.9625,1.897959772920088,-1.883279644686052,2.512081155440303,1.891227935803036,-1.879913726127526,2.516191862118158,1.897706939531501,-1.883153227991758,2.512951276520836
0.965,1.907926306733464,-1.893056953276389,2.524138131896905,1.911558880627793,-1.894873240223554,2.523057658470455,1.907640711091021,-1.892914155455167,2.525015733273095
0.9675,1.917879756546203,-1.902769792137303,2.536153285428687,1.915251500033444,-1.901455663880923,2.538188406941738,1.917555505922367,-1.902607666825385,2.537035467639798
0.97,1.927819503165513,-1.91241755952658,2.548125872606342,1.928785210832602,-1.912900413360124,2.548343351909675,1.927450712434295,-1.91223316416097,2.549009738187103
0.9725,1.937744927865715,-1.921999657526837,2.560055152443915,1.93657869999454,-1.92141654359125,2.561312106082142,1.937325720243846,-1.921790053715903,2.560937806285615
0.975,1.947655412449082,-1.931515492093746,2.571940386455789,1.94759869622077,-1.93148713397959,2.572610264773854,1.947179920214019,-1.931277745976215,2.572818936155894
0.9775,1.957550339266886,-1.940964473084129,2.583780838693124,1.956791428845927,-1.940585017873651,2.58476367652005,1.957012704491359,-1.940695655696366,2.584652394913888
0.98,1.967429091278635,-1.950346014302932,2.595575775793073,1.966946661876722,-1.950104799601975,2.596376426121001,1.9668234665434,-1.950043201935315,2.596437452616124
0.9825,1.977291052162771,-1.9596595335757,2.607324466976874,1.976552663322584,-1.959290339155607,2.608203350040404,1.976611601196129,-1.959319808092379,2.608173382304726
0.985,1.987135607397111,-1.968904453305704,2.619026183582586,1.986411972432926,-1.968542635823611,2.619842152850271,1.986376504671311,-1.968524901942803,2.619859460052266
0.9875,1.996962157092642,-1.978080206907509,2.63068019270583,1.996104783294962,-1.97765152000867,2.63150171549528,1.996117574623678,-1.977657915673028,2.631494965006433
0.99,2.006770274598677,-1.987186318126006,2.642285677966169,2.005845506859995,-1.986723934256665,2.643073814342681,2.005834210178167,-1.986718285915751,2.643079179434465
0.9925,2.01656167027921,-1.9962233829408,2.653840757679179,2.015525113483875,-1.995705104543133,2.654611949974868,2.015525811966918,-1.995705453784655,2.654611388767454
0.995,2.026364509987739,-2.00520522881962,2.665330325685285,2.025196797441718,-2.004621372546609,2.666088514994601,2.025191782166286,-2.004618864908893,2.666090881644405
0.9975000000000001,2.036534544403046,-2.014309479401957,2.676575486743636,2.034833697412853,-2.01345905590686,2.67751593384481,2.034831524533694,-2.013457969467281,2.677516949956122
1,2.051483632302475,-2.025741816151238,2.685369294959873,2.044447846702547,-2.022223923351273,2.688887187759837,2.044444444444443,-2.022222222222221,2.68888888888889
